"","Date","Kitchen","Laundry","WH_AC","GAP_cost"
"1",2007-01-01,0,0.352,5.88,6.40455596666667
"2",2007-01-02,0,0.341,6.562,3.039519
"3",2007-01-03,0,0.316,4.247,2.3036136
"4",2007-01-04,1.051,7.617,11.414,7.90654583333333
"5",2007-01-05,1.483,0.394,6.53,6.38090576666667
"6",2007-01-06,1.336,0.38,6.587,3.8996636
"7",2007-01-07,1.987,8.14,11.893,5.80941453333333
"8",2007-01-08,0,0.483,18.627,5.60697606666667
"9",2007-01-09,1.688,3.033,9.79,4.51534766666667
"10",2007-01-10,0.771,5.733,11.012,5.6283065
"11",2007-01-11,1.378,2.145,12.415,5.56244513333333
"12",2007-01-12,0,0.428,8.276,3.7619113
"13",2007-01-13,6.884,3.011,10.329,7.397127
"14",2007-01-14,2.699,4.19,12.908,7.82385216666667
"15",2007-01-15,1.099,0.778,16.242,5.19412326666667
"16",2007-01-16,2.063,2.121,6.583,4.4852514
"17",2007-01-17,2.945,5.722,14.98,6.84846243333333
"18",2007-01-18,0.555,0.334,14.363,4.80756453333333
"19",2007-01-19,1.552,0.33,6.928,3.53413456666667
"20",2007-01-20,4.875,5.243,11.896,7.7581373
"21",2007-01-21,10.343,5.55,11.599,8.49971883333333
"22",2007-01-22,1.057,2.988,11.361,5.3068368
"23",2007-01-23,0,1.081,5.061,4.5877688
"24",2007-01-24,3.464,2.48,11.323,7.28524326666667
"25",2007-01-25,1.158,0.262,11.015,3.9834571
"26",2007-01-26,0.587,0.236,8.346,3.91964066666667
"27",2007-01-27,1.746,3.148,12.766,4.7866352
"28",2007-01-28,3.466,4.746,12.19,7.94048256666667
"29",2007-01-29,1.123,0.293,14.594,4.74236203333333
"30",2007-01-30,1.123,1.389,8.809,4.39848713333333
"31",2007-01-31,0,5.987,15.052,5.84983356666667
"32",2007-02-01,1.17,0.396,12.06,4.45078446666667
"33",2007-02-02,0,0.361,11.366,3.8638451
"34",2007-02-03,4.746,4.571,17.826,9.80058146666667
"35",2007-02-04,3.391,3.377,15.537,8.69407866666667
"36",2007-02-05,0.896,3.751,7.849,4.3461264
"37",2007-02-06,1.185,0.44,4.517,3.1331902
"38",2007-02-07,2.731,3.521,11.986,5.63522113333333
"39",2007-02-08,2.794,0.341,9.717,4.57381183333333
"40",2007-02-09,0,2.972,10.21,4.0821739
"41",2007-02-10,5.071,2.912,13.935,6.70858296666667
"42",2007-02-11,2.43,4.782,12.511,8.87398156666667
"43",2007-02-12,2.227,0.393,11.958,4.7515727
"44",2007-02-13,0,2.796,5.959,3.4944946
"45",2007-02-14,3.295,3.805,12.508,6.21046533333333
"46",2007-02-15,0,2.323,12.934,4.79818456666667
"47",2007-02-16,1.148,0.918,8.71,4.19397163333333
"48",2007-02-17,1.765,2.188,8.23,4.80863343333333
"49",2007-02-18,6.107,7.979,13.129,9.8369433
"50",2007-02-19,1.634,2.939,13.085,5.2317341
"51",2007-02-20,2.058,3.727,9.713,7.7114334
"52",2007-02-21,3.062,3.809,10.462,5.07053616666667
"53",2007-02-22,1.874,2.8,12.28,8.22141636666667
"54",2007-02-23,0,1.813,11.843,3.53123216666667
"55",2007-02-24,0,0.363,3.562,1.8339814
"56",2007-02-25,0,0.355,1.66,1.1671358
"57",2007-02-26,0,0.341,2.485,1.32539723333333
"58",2007-02-27,0,0.307,2.269,1.31477486666667
"59",2007-02-28,0,0.343,1.973,1.27563963333333
"60",2007-03-01,0,0.318,1.98,1.19737333333333
"61",2007-03-02,0,0.309,1.969,1.1876925
"62",2007-03-03,0,0.347,4.597,1.9953558
"63",2007-03-04,1.476,8.707,9.404,5.18566196666667
"64",2007-03-05,5.727,12.126,10.03,6.62895503333333
"65",2007-03-06,0,1.76,4.388,3.03282263333333
"66",2007-03-07,1.076,4.676,15.591,5.90066196666667
"67",2007-03-08,2.18,3.433,6.713,4.04363843333333
"68",2007-03-09,1.093,0.382,8.807,3.10879963333333
"69",2007-03-10,4.13,5.422,10.446,5.82357993333333
"70",2007-03-11,4.81,3.42,10.033,8.626732
"71",2007-03-12,1.403,2.802,12.272,4.9939049
"72",2007-03-13,1.35,3.351,4.68,3.0303151
"73",2007-03-14,3.189,1.027,9.331,4.56561053333333
"74",2007-03-15,0.296,3.263,11.036,4.74469593333333
"75",2007-03-16,1.106,4.569,5.37,4.20569993333333
"76",2007-03-17,2.208,0.383,12.275,5.18536343333333
"77",2007-03-18,6.105,7.371,5.856,5.88934493333333
"78",2007-03-19,2.107,2.68,14.118,5.36229086666667
"79",2007-03-20,3.745,2.815,10.185,5.2759471
"80",2007-03-21,1.575,3.032,13.052,5.16569556666667
"81",2007-03-22,0.643,1.874,9.737,3.84830226666667
"82",2007-03-23,1.127,0.493,9.447,3.38610506666667
"83",2007-03-24,3.095,6.071,15.332,6.84112573333333
"84",2007-03-25,4.957,3.539,8.308,8.07145103333333
"85",2007-03-26,0.851,0.401,11.196,3.9029513
"86",2007-03-27,0.522,2.964,3.697,2.8205765
"87",2007-03-28,1.122,8.205,13.286,5.61397656666667
"88",2007-03-29,0.56,0.831,9.712,3.87122453333333
"89",2007-03-30,1.174,0.447,9.469,3.7094184
"90",2007-03-31,3.131,7.657,15.918,8.2040754
"91",2007-04-01,3.567,4.248,19.512,6.59179716666667
"92",2007-04-02,1.834,1.886,16.643,5.01434653333333
"93",2007-04-03,3.487,1.315,8.555,4.3880375
"94",2007-04-04,3.996,0.465,15.183,5.14412383333333
"95",2007-04-05,1.125,4.202,9.148,4.67728463333333
"96",2007-04-06,0.536,4.374,11.309,4.1368821
"97",2007-04-07,1.127,4.28,3.837,3.44161996666667
"98",2007-04-08,0,0.48,4.979,4.47982816666667
"99",2007-04-09,2.142,0.486,4.453,2.51346843333333
"100",2007-04-10,0.734,0.611,1.329,1.63033906666667
"101",2007-04-11,0,1.279,6.983,2.39515176666667
"102",2007-04-12,0,0.523,2.225,1.37571606666667
"103",2007-04-13,0,0.547,1.463,1.25952566666667
"104",2007-04-14,0,0.555,1.792,1.31613513333333
"105",2007-04-15,0,0.683,2.957,1.58249473333333
"106",2007-04-16,0.44,1.68,4.935,2.37662546666667
"107",2007-04-17,2.044,0.38,5.997,3.04490416666667
"108",2007-04-18,1.579,0.366,4.304,2.64678323333333
"109",2007-04-19,0.733,1.604,5.748,2.71416856666667
"110",2007-04-20,0.526,0.347,3.499,1.89162943333333
"111",2007-04-21,6.825,0.467,9.934,3.98282216666667
"112",2007-04-22,4.557,2.276,11.657,5.59267366666667
"113",2007-04-23,1.402,0.494,6.645,2.93871346666667
"114",2007-04-24,0.621,0.536,6.68,2.48624513333333
"115",2007-04-25,0.504,1.204,7.428,2.8917328
"116",2007-04-26,1.324,2.098,8.547,3.3906194
"117",2007-04-27,1.772,0.565,3.772,2.58228786666667
"118",2007-04-28,0,0.057,0.984,1.48932143333333
"119",2007-04-29,0,0,0,0.932832
"120",2007-04-30,0.716,0.438,1.131,1.4627931
"121",2007-05-01,4.503,0.977,7.158,3.8809884
"122",2007-05-02,0,1.299,5.142,2.5450339
"123",2007-05-03,1.52,1.937,5.811,2.67524096666667
"124",2007-05-04,1.866,0.575,5.324,2.61092073333333
"125",2007-05-05,3.19,2.456,9.983,3.68800526666667
"126",2007-05-06,3.724,0.652,10.109,4.9988012
"127",2007-05-07,0.946,5.249,11.139,4.42032753333333
"128",2007-05-08,4.115,2.001,7.904,4.094377
"129",2007-05-09,2.957,5.645,9.733,4.2817176
"130",2007-05-10,1.473,0.514,4.166,2.06880046666667
"131",2007-05-11,0.579,0.518,5.934,2.23985523333333
"132",2007-05-12,2.594,1.062,10.763,3.67124136666667
"133",2007-05-13,3.612,2.424,9.14,3.91986586666667
"134",2007-05-14,2.646,2.184,4.89,3.4605416
"135",2007-05-15,0.53,0.642,5.306,2.4371698
"136",2007-05-16,1.569,5.755,9.032,4.12822676666667
"137",2007-05-17,1.658,2.073,6.348,2.9100168
"138",2007-05-18,2.549,3.881,9.067,3.96649313333333
"139",2007-05-19,5.404,0.56,7.887,3.79875033333333
"140",2007-05-20,4.509,1.682,5.787,4.49769243333333
"141",2007-05-21,0.911,0.521,9.129,3.05325483333333
"142",2007-05-22,0.931,2.852,5.508,2.8831337
"143",2007-05-23,0.934,4.891,7.771,3.69331366666667
"144",2007-05-24,0.977,2.803,5.417,2.80442103333333
"145",2007-05-25,7.002,1.91,6.654,4.25284093333333
"146",2007-05-26,3.431,2.755,6.862,3.46328523333333
"147",2007-05-27,3.904,5.475,11.982,5.4368427
"148",2007-05-28,4.347,0.536,9.814,4.09949953333333
"149",2007-05-29,0.669,1.904,3.377,2.6120572
"150",2007-05-30,1.705,5.936,8.669,4.0829685
"151",2007-05-31,1.48,0.482,2.72,2.35138526666667
"152",2007-06-01,0,0.492,8.586,2.7309514
"153",2007-06-02,3.971,1.248,7.633,3.7262433
"154",2007-06-03,4.985,4.495,8.334,4.43268006666667
"155",2007-06-04,1.532,3.856,4.533,2.93664423333333
"156",2007-06-05,4.114,0.976,5.059,3.08226763333333
"157",2007-06-06,3.233,0.891,11.528,4.42285376666667
"158",2007-06-07,1.504,0.691,4.817,2.75616816666667
"159",2007-06-08,2.799,11.431,12.046,5.31663126666667
"160",2007-06-09,0.852,0.591,5.797,2.4759543
"161",2007-06-10,4.202,1.952,5.801,3.07620396666667
"162",2007-06-11,0,0.462,6.303,2.24315916666667
"163",2007-06-12,1.882,0.5,3.898,2.2636585
"164",2007-06-13,0.957,0.859,4.273,2.28426513333333
"165",2007-06-14,2.971,0.886,7.051,2.8012076
"166",2007-06-15,2.137,5.208,5.493,3.0138494
"167",2007-06-16,3.248,4.422,10.56,4.66650183333333
"168",2007-06-17,4.648,5.185,9.282,5.08527823333333
"169",2007-06-18,0,0.502,4.241,1.700166
"170",2007-06-19,0.973,0.536,4.357,2.08783146666667
"171",2007-06-20,1.312,2.504,5.106,2.6659717
"172",2007-06-21,0.895,1.207,3.711,1.83521676666667
"173",2007-06-22,0.486,2.243,3.482,1.74555843333333
"174",2007-06-23,0,0.786,2.402,1.17645526666667
"175",2007-06-24,0,0.781,2.772,1.52788016666667
"176",2007-06-25,0.313,2.615,5.493,2.35355956666667
"177",2007-06-26,1.673,1.947,3.896,2.2359625
"178",2007-06-27,3.063,6.758,8.466,4.24654226666667
"179",2007-06-28,0.51,4.318,8.442,3.31294253333333
"180",2007-06-29,3.85,0.842,7.459,3.15054646666667
"181",2007-06-30,3.562,0.797,8.794,3.35296916666667
"182",2007-07-01,0.969,0.736,4.239,2.67608223333333
"183",2007-07-02,0.439,3.594,2.876,2.0294787
"184",2007-07-03,0.579,2.86,4.856,2.5409781
"185",2007-07-04,2.767,4.125,5.883,3.08336426666667
"186",2007-07-05,2.28,0.835,3.924,2.3490698
"187",2007-07-06,2.989,3.083,4.82,3.00781303333333
"188",2007-07-07,1.505,3.597,8.784,3.19085393333333
"189",2007-07-08,1.825,2.758,5.715,2.568194
"190",2007-07-09,0,0.648,8.538,2.66451596666667
"191",2007-07-10,0.99,1.006,5.652,2.3978331
"192",2007-07-11,1.015,1.86,6.066,2.31902186666667
"193",2007-07-12,0.529,2.568,5.196,2.3742325
"194",2007-07-13,0.5,0.605,5.65,2.16573313333333
"195",2007-07-14,3.775,1.916,5.624,3.11651293333333
"196",2007-07-15,0.862,0.666,4.461,2.12057926666667
"197",2007-07-16,0.83,0.723,5.503,2.3195322
"198",2007-07-17,0.848,0.664,3.654,1.85204503333333
"199",2007-07-18,0.909,0.667,5.086,2.0668109
"200",2007-07-19,1.068,0.676,3.13,1.651257
"201",2007-07-20,1.624,2.406,4.592,2.61841576666667
"202",2007-07-21,0.487,0.612,7.502,2.57427506666667
"203",2007-07-22,6.635,0.986,5.736,3.24119176666667
"204",2007-07-23,2.164,2.438,4.101,2.704832
"205",2007-07-24,0.467,0.323,5.599,1.97700666666667
"206",2007-07-25,0,1.435,2.333,1.3578635
"207",2007-07-26,0.975,3.579,4.346,2.3506843
"208",2007-07-27,1.33,0.103,6.82,2.63276366666667
"209",2007-07-28,1.414,10.265,6.347,4.2680026
"210",2007-07-29,0,0,1.837,0.876165066666667
"211",2007-07-30,0,0,1.822,1.01734143333333
"212",2007-07-31,3.277,0,4.281,2.00473316666667
"213",2007-08-01,1.583,0,9.812,2.63044803333333
"214",2007-08-02,0.482,0,6.531,1.9266673
"215",2007-08-03,0.958,0,9.477,2.82723423333333
"216",2007-08-04,0.552,0.398,7.506,2.51043196666667
"217",2007-08-05,0.169,0,6.409,2.10995833333333
"218",2007-08-06,1.096,0,8.349,2.5419749
"219",2007-08-07,0.437,2.168,9.376,3.60059536666667
"220",2007-08-08,1.055,1.052,9.66,2.80973583333333
"221",2007-08-09,0.182,4.574,6.646,2.5868815
"222",2007-08-10,0.336,2.598,8.209,2.3049803
"223",2007-08-11,1.18,0.963,10.417,2.67937406666667
"224",2007-08-12,0.462,0.344,6.59,2.0996227
"225",2007-08-13,0.754,1.288,12.635,3.45728016666667
"226",2007-08-14,0.951,0.366,6.714,2.26775656666667
"227",2007-08-15,0.338,0.827,9.787,3.04279433333333
"228",2007-08-16,0.962,0,6.861,2.2838145
"229",2007-08-17,0.244,0,8.384,2.6868108
"230",2007-08-18,0,0,1.83,0.859081966666667
"231",2007-08-19,1.025,8.865,5.674,3.5093601
"232",2007-08-20,1.032,6.992,7,3.14559136666667
"233",2007-08-21,0,0.058,3.994,1.72413116666667
"234",2007-08-22,3.048,0.311,6.969,2.77252453333333
"235",2007-08-23,2.043,1.764,5.614,2.93525363333333
"236",2007-08-24,2.334,3.077,9.532,3.64012253333333
"237",2007-08-25,4.165,2.779,6.09,3.2524083
"238",2007-08-26,1.541,3.649,5.658,3.06079963333333
"239",2007-08-27,1.798,1.334,6.098,2.4950198
"240",2007-08-28,1.545,0.756,5.729,2.74814236666667
"241",2007-08-29,0.957,2.267,4.932,2.22061346666667
"242",2007-08-30,3.435,1.171,3.6,2.49433673333333
"243",2007-08-31,1.17,2.041,9.194,3.50392613333333
"244",2007-09-01,2.905,0.582,8.781,3.78879983333333
"245",2007-09-02,3.254,1.635,9.267,4.3538423
"246",2007-09-03,0.989,2.527,5.683,2.9244303
"247",2007-09-04,2.928,3.401,10.117,3.94258086666667
"248",2007-09-05,0,3.689,5.271,2.87522483333333
"249",2007-09-06,0,3.614,4.895,2.34656966666667
"250",2007-09-07,3.258,1.382,9.388,3.56111313333333
"251",2007-09-08,3.129,1.789,8.817,3.53501843333333
"252",2007-09-09,2.768,4.411,8.197,3.97222886666667
"253",2007-09-10,0.935,0.602,6.766,2.93766206666667
"254",2007-09-11,0.089,0.562,3.905,2.0671193
"255",2007-09-12,0.854,1.276,8.111,3.2784923
"256",2007-09-13,0.639,4.432,5.614,3.21932873333333
"257",2007-09-14,1.202,0.677,5.804,2.84347956666667
"258",2007-09-15,0.235,1.459,6.464,2.7494183
"259",2007-09-16,3.118,3.029,7.188,3.8522942
"260",2007-09-17,5.635,0.991,6.368,3.69039046666667
"261",2007-09-18,1.992,2.007,6.722,3.1416198
"262",2007-09-19,0.912,2.74,8.673,3.6145956
"263",2007-09-20,1.056,0.512,7.859,2.71742506666667
"264",2007-09-21,2.623,2.68,8.02,3.56258283333333
"265",2007-09-22,1.451,1.28,8.121,3.0555479
"266",2007-09-23,2.831,2.062,6.307,3.41151473333333
"267",2007-09-24,0.929,3.935,9.03,3.65172216666667
"268",2007-09-25,0.916,2.222,8.303,4.0256241
"269",2007-09-26,1.058,9.344,6.842,4.85432173333333
"270",2007-09-27,1.066,0.706,7.66,3.5195047
"271",2007-09-28,0.996,3.697,9.509,4.30827396666667
"272",2007-09-29,3.139,7.521,7.804,5.10512673333333
"273",2007-09-30,2.351,0.509,8.949,4.15872673333333
"274",2007-10-01,1.081,6.694,5.939,4.05572316666667
"275",2007-10-02,0.934,7.959,14.568,5.88808733333333
"276",2007-10-03,0.979,4.817,4.065,3.24985096666667
"277",2007-10-04,2.091,0.676,9.71,3.82163163333333
"278",2007-10-05,0.309,0.36,9.425,3.4143889
"279",2007-10-06,4.364,0.357,9.666,4.12325116666667
"280",2007-10-07,2.974,8.186,8.809,5.11435186666667
"281",2007-10-08,0,0.475,5.258,2.76267243333333
"282",2007-10-09,2.033,2.158,10.641,4.406242
"283",2007-10-10,1.864,2.071,3.895,3.06473323333333
"284",2007-10-11,2.628,0.45,7.455,3.90776806666667
"285",2007-10-12,1.022,5.022,11.931,5.24833773333333
"286",2007-10-13,0.969,3.764,8.369,4.40183996666667
"287",2007-10-14,2.93,7.522,7.299,5.30545676666667
"288",2007-10-15,1.061,0.359,7.654,3.3367724
"289",2007-10-16,0,6.126,9.456,4.187965
"290",2007-10-17,1.065,2.188,9.029,4.33345293333333
"291",2007-10-18,0.551,0.318,8.05,3.4487797
"292",2007-10-19,1.91,3.124,13.251,5.4026137
"293",2007-10-20,2.363,0.309,13.795,4.23626226666667
"294",2007-10-21,3.207,4.345,7.313,4.4999188
"295",2007-10-22,0.505,0.307,13.027,4.0991078
"296",2007-10-23,1.067,3.871,10.456,4.80695696666667
"297",2007-10-24,3.821,1.682,7.915,4.49631053333333
"298",2007-10-25,1.579,2.336,8.809,4.79975873333333
"299",2007-10-26,0.537,0.451,5.766,3.98410653333333
"300",2007-10-27,1.374,4.84,8.949,4.41121833333333
"301",2007-10-28,0,0.299,1.581,1.21508743333333
"302",2007-10-29,0,0.285,2.803,1.35743973333333
"303",2007-10-30,0,1.919,4.386,1.86794776666667
"304",2007-10-31,0,4.696,8.915,3.01742213333333
"305",2007-11-01,0,0.314,1.991,1.2112182
"306",2007-11-02,1.346,2.098,12.245,3.48379076666667
"307",2007-11-03,0,0.288,1.936,1.20556
"308",2007-11-04,0,4.358,7.068,3.72481983333333
"309",2007-11-05,1.265,0.415,6.583,3.59780103333333
"310",2007-11-06,1.105,5.516,10.69,5.2455699
"311",2007-11-07,5.042,0.322,5.809,4.56068946666667
"312",2007-11-08,1.715,0.301,7.065,3.92698036666667
"313",2007-11-09,0,4.586,15.375,5.26265726666667
"314",2007-11-10,3.173,0.303,12.72,6.1781593
"315",2007-11-11,3.969,0.301,7.071,5.16779766666667
"316",2007-11-12,1.018,3.422,13.281,5.2696795
"317",2007-11-13,0.978,5.696,11.076,5.4479034
"318",2007-11-14,1.055,0.275,15.264,4.8752338
"319",2007-11-15,1.361,0.589,8.179,3.8760647
"320",2007-11-16,2.236,4.656,13.853,5.6215271
"321",2007-11-17,2.588,2.195,14.653,6.13082266666667
"322",2007-11-18,5.201,2.107,7.449,5.9055057
"323",2007-11-19,1.089,0.253,10.82,4.3743455
"324",2007-11-20,0.485,3.934,10.511,5.0623198
"325",2007-11-21,1.669,0.569,9.245,4.50146443333333
"326",2007-11-22,2.331,0.277,9.641,4.90484623333333
"327",2007-11-23,2.592,5.683,13.712,6.0294671
"328",2007-11-24,1.685,4.629,13.509,4.9335829
"329",2007-11-25,3.556,0.288,5.678,3.44210323333333
"330",2007-11-26,1.088,0.285,8.926,3.95297066666667
"331",2007-11-27,1.063,10.983,14,6.76051506666667
"332",2007-11-28,1.182,0.82,8.921,4.37811733333333
"333",2007-11-29,2.031,0.263,8.818,4.32295233333333
"334",2007-11-30,0,7.961,13.601,5.59863393333333
"335",2007-12-01,9.356,0.338,16.781,7.48329936666667
"336",2007-12-02,2.09,6.917,11.702,7.24982426666667
"337",2007-12-03,1.141,0.292,9.33,4.2872895
"338",2007-12-04,1.012,5.828,9.659,5.2530721
"339",2007-12-05,3.422,0.297,10.919,5.40938506666667
"340",2007-12-06,4.445,0.336,11.354,5.89746573333333
"341",2007-12-07,0.765,3.69,10.817,4.5602155
"342",2007-12-08,1.133,2.353,12.032,5.60447306666667
"343",2007-12-09,4.176,2.449,8.979,5.58986476666667
"344",2007-12-10,1.102,0.275,8.281,4.4536304
"345",2007-12-11,1.05,3.801,12.342,5.57543926666667
"346",2007-12-12,1.152,0.273,8.157,4.0226118
"347",2007-12-13,1.103,1.438,8.911,4.63385886666667
"348",2007-12-14,0.98,3.841,12.941,4.7677086
"349",2007-12-15,1.706,3.701,14.313,6.67526096666667
"350",2007-12-16,3.41,2.285,12.929,6.92553276666667
"351",2007-12-17,1.636,0.243,10.567,4.54749923333333
"352",2007-12-18,1.123,5.785,10.824,6.2812531
"353",2007-12-19,1.233,2.647,11.948,5.64771576666667
"354",2007-12-20,1.859,0.309,13.592,4.8354042
"355",2007-12-21,1.191,0.203,12.251,4.90305576666667
"356",2007-12-22,3.229,4.524,12.531,6.20340976666667
"357",2007-12-23,2.561,3.107,11.014,6.01798143333333
"358",2007-12-24,2.985,2.326,15.44,5.71932873333333
"359",2007-12-25,3.899,3.367,7.997,6.1045429
"360",2007-12-26,1.798,2.764,10.567,6.58428596666667
"361",2007-12-27,3.488,1.464,7.774,6.14884783333333
"362",2007-12-28,2.467,8.554,14.932,7.32815766666667
"363",2007-12-29,4.774,2.47,15.983,8.402541
"364",2007-12-30,3.804,3.594,13.385,6.18088403333333
"365",2007-12-31,0,3.456,13.104,5.4225425
"366",2008-01-01,2.461,2.743,13.422,6.75714333333333
"367",2008-01-02,0,1.489,8.987,3.82095216666667
"368",2008-01-03,1.13,2.422,6.671,4.04884803333333
"369",2008-01-04,1.241,5.355,11.752,5.5890903
"370",2008-01-05,2.113,0.286,13.529,5.24020863333333
"371",2008-01-06,1.966,2.445,8.886,4.7538749
"372",2008-01-07,1.288,0.282,9.21,4.14689503333333
"373",2008-01-08,2.197,3.511,10.877,5.10518043333333
"374",2008-01-09,1.162,0.256,8.963,4.48737613333333
"375",2008-01-10,1.307,0.284,9.992,4.72469306666667
"376",2008-01-11,0.661,0.29,7.856,4.0262005
"377",2008-01-12,6.194,2.65,10.204,6.89495626666667
"378",2008-01-13,6.505,0.34,10.415,7.5454979
"379",2008-01-14,5.916,0.339,9.407,5.053939
"380",2008-01-15,0.784,6.883,14.022,6.48569986666667
"381",2008-01-16,1.162,3.43,10.212,5.35890003333333
"382",2008-01-17,1.007,0.349,8.657,3.91208543333333
"383",2008-01-18,1.034,0.815,14.296,5.32587876666667
"384",2008-01-19,2.521,6.086,8.702,4.9411051
"385",2008-01-20,1.775,0.38,4.94,4.3893996
"386",2008-01-21,0,0.375,10.447,4.6549347
"387",2008-01-22,4.67,7.563,7.552,5.54021823333333
"388",2008-01-23,1.116,0.415,13.359,4.63098316666667
"389",2008-01-24,1.107,0.33,5.935,4.02556636666667
"390",2008-01-25,0,2.423,11.409,5.4635102
"391",2008-01-26,4.152,0.312,15.073,6.76170416666667
"392",2008-01-27,4.498,3.834,7.9,6.30180016666667
"393",2008-01-28,1.142,0.264,11.707,5.56228283333333
"394",2008-01-29,1.487,6.236,12.162,6.45213923333333
"395",2008-01-30,0,0.261,6.755,4.0030201
"396",2008-01-31,1.165,0.228,8.865,4.81724876666667
"397",2008-02-01,0,0.28,7.788,3.83355206666667
"398",2008-02-02,6.583,2.794,14.656,7.0888533
"399",2008-02-03,2.319,4.413,9.515,5.53600436666667
"400",2008-02-04,1.161,0.283,9.531,4.08044256666667
"401",2008-02-05,1.098,7.769,13.717,6.05895926666667
"402",2008-02-06,2.114,0.39,7.881,4.17298843333333
"403",2008-02-07,0,0.258,8.636,3.80395036666667
"404",2008-02-08,0.94,1.958,8.994,4.51944896666667
"405",2008-02-09,1.462,2.835,10.862,5.43984843333333
"406",2008-02-10,3.15,2.958,9.036,5.43015863333333
"407",2008-02-11,1.018,0.259,10.022,4.51394853333333
"408",2008-02-12,2.009,1.894,12.138,4.7549003
"409",2008-02-13,2.53,3.615,7.568,4.82118606666667
"410",2008-02-14,1.3,0.255,9.042,3.92345153333333
"411",2008-02-15,1.109,1.759,13.674,4.98123463333333
"412",2008-02-16,1.076,2.36,11.225,5.6774429
"413",2008-02-17,3.182,2.257,6.423,4.9835304
"414",2008-02-18,0,0.218,10.345,3.7862647
"415",2008-02-19,1.881,4.744,11.2,5.32294796666667
"416",2008-02-20,3.076,5.475,7.017,5.48601976666667
"417",2008-02-21,0.579,0.309,9.21,4.3260108
"418",2008-02-22,1.167,1.984,10.101,4.2205694
"419",2008-02-23,1.684,2.281,8.956,4.37032426666667
"420",2008-02-24,0.754,0.3,12.531,3.19257923333333
"421",2008-02-25,0,0.324,1.856,1.17006806666667
"422",2008-02-26,0,0.333,2.013,1.175929
"423",2008-02-27,0,0.287,2.969,1.3724189
"424",2008-02-28,0,0.32,2.028,1.25140283333333
"425",2008-02-29,0,3.773,8.062,3.16062013333333
"426",2008-03-01,0,1.268,1.959,2.6212546
"427",2008-03-02,0,5.216,3.33,2.9172569
"428",2008-03-03,0,2.243,1.755,2.48009976666667
"429",2008-03-04,1.249,2.445,9.415,4.0232212
"430",2008-03-05,1.145,9.768,5.529,4.7971907
"431",2008-03-06,1.082,0.41,6.965,6.24672366666667
"432",2008-03-07,0.839,3.471,8.364,4.4415331
"433",2008-03-08,6.306,0.346,9.104,5.51852516666667
"434",2008-03-09,2.983,0.316,4.155,4.10805933333333
"435",2008-03-10,2.009,0.344,8.66,3.96064773333333
"436",2008-03-11,1.145,3.939,11.848,5.35423223333333
"437",2008-03-12,0.705,2.326,12.13,4.51297183333333
"438",2008-03-13,3.804,3.599,5.464,4.31978343333333
"439",2008-03-14,0.98,3.885,14.476,5.41428443333333
"440",2008-03-15,2.425,0.54,5.91,3.89691026666667
"441",2008-03-16,2.519,0.566,10.206,4.32061686666667
"442",2008-03-17,0.236,6.591,10.426,4.41529743333333
"443",2008-03-18,1.156,4.007,12.544,4.68024753333333
"444",2008-03-19,2.11,0.483,6.154,3.30295943333333
"445",2008-03-20,1.107,0.405,6.67,3.1461708
"446",2008-03-21,2.171,4.785,13.275,5.00207583333333
"447",2008-03-22,3.322,0.654,11.318,4.98970233333333
"448",2008-03-23,6.279,2.102,14.965,5.79401836666667
"449",2008-03-24,1.131,5.998,7.008,4.75662996666667
"450",2008-03-25,2.246,3.613,13.494,5.08345513333333
"451",2008-03-26,1.956,3.828,7.547,4.03071503333333
"452",2008-03-27,0.591,0.423,9.022,3.5338124
"453",2008-03-28,2.325,3.605,11.581,4.7776953
"454",2008-03-29,5.153,0.371,16.172,5.82805306666667
"455",2008-03-30,4.843,1.312,10.837,5.38668606666667
"456",2008-03-31,0.751,0.36,7.254,3.13659886666667
"457",2008-04-01,1.084,6.655,15.725,5.28074466666667
"458",2008-04-02,0.871,3.65,8.688,3.9848031
"459",2008-04-03,0.772,0.487,7.125,3.3655833
"460",2008-04-04,2.133,0.794,11.124,3.65175553333333
"461",2008-04-05,2.929,0.834,15.277,5.04082863333333
"462",2008-04-06,1.124,2.598,7.96,4.0489853
"463",2008-04-07,2.42,0.673,9.464,4.0245332
"464",2008-04-08,2.243,10.769,17.284,6.57785546666667
"465",2008-04-09,0.509,0.376,8.43,3.0574279
"466",2008-04-10,2.916,0.371,6.642,3.2790414
"467",2008-04-11,2.147,0.553,15.217,4.88788706666667
"468",2008-04-12,6.648,2.503,13.111,6.51624903333333
"469",2008-04-13,2.484,5.883,15.087,6.09382683333333
"470",2008-04-14,0.498,0.504,9.857,3.59025583333333
"471",2008-04-15,1.174,3.936,10.099,4.14824983333333
"472",2008-04-16,0.838,0.441,12.471,4.0050612
"473",2008-04-17,1.719,0.441,8.406,3.5154778
"474",2008-04-18,2.174,3.768,10.599,4.40290066666667
"475",2008-04-19,3.389,2.432,13.601,5.32408446666667
"476",2008-04-20,1.96,3.509,11.569,4.6219012
"477",2008-04-21,0,2.067,7.25,2.89938326666667
"478",2008-04-22,0.971,6.749,10.647,4.22271453333333
"479",2008-04-23,1.373,0.566,8.329,2.9812761
"480",2008-04-24,1.27,0.505,4.705,2.7530733
"481",2008-04-25,0.824,1.982,10.021,3.2240839
"482",2008-04-26,0,0.665,3.634,2.1105646
"483",2008-04-27,0.693,0.583,5.436,2.52063873333333
"484",2008-04-28,0,0.551,2.785,1.5419483
"485",2008-04-29,1.402,5.494,9.439,3.99040346666667
"486",2008-04-30,1.057,0.518,7.748,3.27725716666667
"487",2008-05-01,0,0.525,2.586,1.34332156666667
"488",2008-05-02,3.114,0.593,8.639,3.12968593333333
"489",2008-05-03,0.996,0.563,5.556,3.2951124
"490",2008-05-04,2.196,2.887,6.144,3.83815923333333
"491",2008-05-05,1.008,0.382,10.491,3.36484883333333
"492",2008-05-06,1.354,5.403,11.566,4.324862
"493",2008-05-07,1.03,0.42,6.815,2.8359428
"494",2008-05-08,3.667,0.71,11.148,4.76052706666667
"495",2008-05-09,2.229,0.423,13.933,4.84475533333333
"496",2008-05-10,6.293,0.602,11.658,4.3640709
"497",2008-05-11,1.22,1.313,6.429,3.78928116666667
"498",2008-05-12,1.02,1.127,11.799,3.7243868
"499",2008-05-13,1.885,4.03,9.027,3.7083383
"500",2008-05-14,2.467,3.453,9.295,4.2030383
"501",2008-05-15,0.868,0.573,7.303,2.95202536666667
"502",2008-05-16,2.228,2.6,8.851,3.79624766666667
"503",2008-05-17,1.27,0.94,10.603,3.546897
"504",2008-05-18,2.663,3.545,10.531,4.8395171
"505",2008-05-19,0.528,2.37,7.578,2.90391546666667
"506",2008-05-20,1.838,2.408,11.98,3.84696953333333
"507",2008-05-21,1.449,0.474,8.529,2.93938096666667
"508",2008-05-22,1.034,0.439,6.308,2.65660613333333
"509",2008-05-23,0.502,1.388,15.615,3.88180186666667
"510",2008-05-24,0.287,0.535,12.646,3.6169909
"511",2008-05-25,4.54,7.764,5.231,4.81746686666667
"512",2008-05-26,0.516,1.734,9.109,3.37487696666667
"513",2008-05-27,0.976,5.362,12.039,4.4576829
"514",2008-05-28,3.138,0.512,7.105,3.02385406666667
"515",2008-05-29,0.496,0.516,8.895,2.7085983
"516",2008-05-30,0.508,3.036,11.295,3.68185316666667
"517",2008-05-31,1.764,2.261,11.34,3.60807376666667
"518",2008-06-01,1.906,0.579,10.258,4.45277343333333
"519",2008-06-02,0.96,0.559,7.856,3.09397696666667
"520",2008-06-03,2.44,0.933,9.014,3.5992215
"521",2008-06-04,0.977,9.347,6.823,4.06989383333333
"522",2008-06-05,2.305,0.523,8.774,3.15362943333333
"523",2008-06-06,1.481,0.507,7.832,2.97886283333333
"524",2008-06-07,2.379,2.631,14.641,4.6410997
"525",2008-06-08,2.536,2.066,9.725,3.58070603333333
"526",2008-06-09,1.018,3.167,7.136,2.9871513
"527",2008-06-10,1.856,0.571,9.717,3.14317756666667
"528",2008-06-11,0.977,0.866,7.296,2.71911203333333
"529",2008-06-12,1.9,0.549,7.53,3.19666193333333
"530",2008-06-13,1.905,7.359,9.759,4.27450516666667
"531",2008-06-14,2.277,1.059,11.491,3.50099426666667
"532",2008-06-15,7.011,6.49,11.598,5.66335196666667
"533",2008-06-16,1.324,0.739,9.554,3.17344263333333
"534",2008-06-17,1.176,0.433,9.675,2.8795154
"535",2008-06-18,8.109,3.032,11.369,4.71131263333333
"536",2008-06-19,3.411,1.521,11.68,4.15228636666667
"537",2008-06-20,2.815,2.887,13.839,4.3481647
"538",2008-06-21,0.133,5.868,11.841,4.06416856666667
"539",2008-06-22,5.645,1.15,11.131,4.0373324
"540",2008-06-23,1.731,0.605,9.997,2.87829796666667
"541",2008-06-24,3.231,3.486,13.674,4.36234243333333
"542",2008-06-25,2.696,0.567,10.408,3.22415566666667
"543",2008-06-26,1.415,0.578,8.6,2.77753986666667
"544",2008-06-27,3.649,2.333,9.331,3.80402986666667
"545",2008-06-28,0.51,2.021,9.354,3.41024253333333
"546",2008-06-29,0.955,0.553,3.202,1.80268603333333
"547",2008-06-30,0,0.521,6.717,1.9852703
"548",2008-07-01,2.616,0.545,7.256,2.64034806666667
"549",2008-07-02,0.864,0.68,8.45,3.03057383333333
"550",2008-07-03,1.366,2.155,6.734,2.61783843333333
"551",2008-07-04,0.539,1.014,8.826,2.62992516666667
"552",2008-07-05,0.999,6.743,8.312,3.32805866666667
"553",2008-07-06,4.231,4.236,7.291,4.08958103333333
"554",2008-07-07,2.552,1.599,8.094,2.98100006666667
"555",2008-07-08,0.542,0.503,6.162,2.44018703333333
"556",2008-07-09,0.996,0.499,8.73,2.58191873333333
"557",2008-07-10,1.043,0.537,7.943,3.1092263
"558",2008-07-11,1.575,0.569,9.124,2.90986973333333
"559",2008-07-12,4.45,2.298,7.608,3.3202059
"560",2008-07-13,1.31,3.487,6.41,2.8874349
"561",2008-07-14,2.925,1.963,7.128,3.14105016666667
"562",2008-07-15,0.968,0.573,8.527,2.6638254
"563",2008-07-16,1.537,2.799,4.984,2.72910256666667
"564",2008-07-17,1.122,0.679,8.278,3.0243841
"565",2008-07-18,0.672,0.622,8.689,3.2271954
"566",2008-07-19,3.412,3.113,8.247,3.17325696666667
"567",2008-07-20,1.943,1.086,5.251,2.42417763333333
"568",2008-07-21,1.215,0.437,9.255,2.74990426666667
"569",2008-07-22,0.483,0.439,5.038,1.88720716666667
"570",2008-07-23,1.05,0.448,6.303,2.26375726666667
"571",2008-07-24,1.019,0.485,8.337,2.8321447
"572",2008-07-25,0.192,0.491,6.472,1.9874913
"573",2008-07-26,0.977,0.949,6.503,2.2211445
"574",2008-07-27,1.063,0.857,8.331,2.67134283333333
"575",2008-07-28,0,0.51,6.018,2.0759369
"576",2008-07-29,1.571,0.506,5.52,2.79683416666667
"577",2008-07-30,2.088,0.764,6.024,3.04924073333333
"578",2008-07-31,1.993,1.967,7.212,3.13590126666667
"579",2008-08-01,0.586,1.998,5.988,2.50393846666667
"580",2008-08-02,0,0.527,3.814,1.23984073333333
"581",2008-08-03,0,0.5,3.924,1.2370087
"582",2008-08-04,0.596,4.676,3.918,2.4119554
"583",2008-08-05,0.635,0.508,7.661,2.5335894
"584",2008-08-06,0,0.509,2.203,0.7721523
"585",2008-08-07,0,0.519,2.323,0.798733666666667
"586",2008-08-08,0,0.496,2.043,0.731861833333333
"587",2008-08-09,0,0.477,1.851,0.824572733333333
"588",2008-08-10,0,0.475,1.9,0.797345333333333
"589",2008-08-11,0,0.462,1.891,0.929538166666667
"590",2008-08-12,0,0.49,1.89,0.702884633333333
"591",2008-08-13,0,0.452,1.742,0.670580266666667
"592",2008-08-14,0,0.441,1.693,0.657964066666667
"593",2008-08-15,0,0.438,1.646,0.6419394
"594",2008-08-16,0,0.443,1.734,0.665039466666667
"595",2008-08-17,0,0.445,1.712,0.657689033333333
"596",2008-08-18,0,0.44,1.715,0.654960566666667
"597",2008-08-19,0,0.443,1.699,0.653078866666667
"598",2008-08-20,0,0.437,1.627,0.6401686
"599",2008-08-21,0,0.431,1.575,0.627894166666667
"600",2008-08-22,0,0.432,1.62,0.632615833333333
"601",2008-08-23,0,0.406,1.485,0.604868533333333
"602",2008-08-24,0,0.424,1.514,0.611565466666667
"603",2008-08-25,0,0.414,1.438,0.597258833333333
"604",2008-08-26,0,0.404,1.537,0.6163234
"605",2008-08-27,0,0.423,1.536,0.619656533333333
"606",2008-08-28,0,0.432,1.636,0.640042433333333
"607",2008-08-29,0,0.428,1.545,0.635079833333333
"608",2008-08-30,0,0.408,1.663,0.6495196
"609",2008-08-31,2.056,3.69,9.914,3.30559533333333
"610",2008-09-01,0.95,0.575,11.183,3.10902703333333
"611",2008-09-02,3.782,1.2,7.809,3.49362663333333
"612",2008-09-03,1.817,1.917,10.266,3.66691553333333
"613",2008-09-04,1.703,0.41,9.411,2.9178739
"614",2008-09-05,0.901,0.434,6.9,2.34991923333333
"615",2008-09-06,2.948,6.478,11.432,4.26824603333333
"616",2008-09-07,3.506,1.732,7.53,3.55915133333333
"617",2008-09-08,0.106,1.957,9.97,3.16475233333333
"618",2008-09-09,0.983,0.789,7.761,3.1115293
"619",2008-09-10,1.009,0.4,9.81,3.08941226666667
"620",2008-09-11,1.005,0.408,8.079,2.7555811
"621",2008-09-12,1.433,0.402,8.608,3.2460512
"622",2008-09-13,1.364,5.435,11.939,4.27812626666667
"623",2008-09-14,4.203,0.428,6.571,3.6540534
"624",2008-09-15,0.487,0.388,10.125,4.18499873333333
"625",2008-09-16,0.943,0.362,7.846,3.11131796666667
"626",2008-09-17,1.91,3.733,9.297,3.77986463333333
"627",2008-09-18,3.804,0.358,8.022,3.64530173333333
"628",2008-09-19,1.967,0.35,13.007,4.06400413333333
"629",2008-09-20,0,0.349,11.85,3.1313724
"630",2008-09-21,4.01,2.402,8.915,3.7991313
"631",2008-09-22,0.905,2.384,10.225,3.32026273333333
"632",2008-09-23,0.109,2.21,6.906,2.99093246666667
"633",2008-09-24,1.474,4.729,10.918,4.14848653333333
"634",2008-09-25,0.998,0.748,8.224,2.88269203333333
"635",2008-09-26,1.78,0.374,10.921,3.59615243333333
"636",2008-09-27,3.639,2.606,13.182,4.91019566666667
"637",2008-09-28,2.126,0.363,11.459,4.5340293
"638",2008-09-29,0.962,0.373,9.508,3.65594393333333
"639",2008-09-30,1.032,0.372,8.811,3.6653817
"640",2008-10-01,2.254,5.775,10.697,4.74066503333333
"641",2008-10-02,0.515,0.39,8.516,3.1854616
"642",2008-10-03,4.649,0.332,9.45,4.11890576666667
"643",2008-10-04,3.614,0.648,13.211,5.19239303333333
"644",2008-10-05,0.99,3.252,5.982,3.56051576666667
"645",2008-10-06,0.99,0.282,8.783,2.98731786666667
"646",2008-10-07,0.49,0.397,10.285,4.2959472
"647",2008-10-08,0.928,5.129,10.804,4.61466966666667
"648",2008-10-09,1.157,3.068,12.561,5.13297343333333
"649",2008-10-10,0.517,0.408,11.994,3.67665456666667
"650",2008-10-11,2.144,2.31,10.771,4.07014096666667
"651",2008-10-12,2.561,4.706,7.762,4.72749033333333
"652",2008-10-13,1.037,1.667,9.507,3.88030826666667
"653",2008-10-14,0.655,0.435,9.974,3.87397623333333
"654",2008-10-15,1.958,7.035,9.17,5.243177
"655",2008-10-16,1.513,0.446,9.258,4.1322356
"656",2008-10-17,1.518,3.186,9.637,4.67693676666667
"657",2008-10-18,0.518,1.651,11.116,4.84956023333333
"658",2008-10-19,1.497,8.009,5.63,5.57838996666667
"659",2008-10-20,0.844,2.586,10.471,4.2668635
"660",2008-10-21,0.857,2.73,11.332,5.06159296666667
"661",2008-10-22,0.662,2.544,7.932,4.0980189
"662",2008-10-23,0.815,1.414,11.144,4.63299523333333
"663",2008-10-24,6.859,2.298,10.414,5.19346056666667
"664",2008-10-25,1.771,0.395,13.433,4.04410516666667
"665",2008-10-26,0,0.383,2.013,1.27454596666667
"666",2008-10-27,0,0.377,1.967,1.2087345
"667",2008-10-28,2.263,0.396,5.09,3.06017316666667
"668",2008-10-29,1.037,0.345,4.015,4.02350743333333
"669",2008-10-30,0,0.314,2.276,2.5464275
"670",2008-10-31,0,0.343,10.826,3.1693752
"671",2008-11-01,0,0.313,1.939,1.9691046
"672",2008-11-02,0,0.345,1.881,2.02228016666667
"673",2008-11-03,0.963,0.347,2.835,2.2342102
"674",2008-11-04,0,6.194,4.106,3.94784816666667
"675",2008-11-05,7.039,10.407,8.362,7.59713483333333
"676",2008-11-06,1.591,0.451,6.734,4.04844406666667
"677",2008-11-07,0.715,0.403,10.421,3.95330946666667
"678",2008-11-08,0.858,3.111,5.498,4.13173196666667
"679",2008-11-09,6.874,0.838,14.919,6.60694016666667
"680",2008-11-10,1.023,0.357,10.285,5.1041016
"681",2008-11-11,2.475,2.285,13.577,5.8368933
"682",2008-11-12,0.955,2.683,10.504,5.57448166666667
"683",2008-11-13,0.111,0.339,6.315,3.06188733333333
"684",2008-11-14,1.594,0.338,9.929,4.05046903333333
"685",2008-11-15,3.93,3.817,14.583,6.9688095
"686",2008-11-16,5.311,1.794,9.997,6.23207936666667
"687",2008-11-17,0,0.413,10.59,3.83054946666667
"688",2008-11-18,1.079,0.355,11.014,4.33367993333333
"689",2008-11-19,1.737,3.008,8.894,4.62763383333333
"690",2008-11-20,1.034,0.351,7.732,4.2888298
"691",2008-11-21,1.039,0.376,10.396,4.15491956666667
"692",2008-11-22,0.567,0.85,8.32,4.09459903333333
"693",2008-11-23,4.157,8.838,9.209,8.22447696666667
"694",2008-11-24,0.528,0.496,14.441,8.00013183333333
"695",2008-11-25,3.545,0.345,10.043,6.87007163333333
"696",2008-11-26,0.909,0.335,10.141,3.748847
"697",2008-11-27,2.491,0.302,12.208,5.85288853333333
"698",2008-11-28,1.113,0.307,11.882,4.8085568
"699",2008-11-29,5.268,2.377,11.734,5.55476893333333
"700",2008-11-30,1.161,3.483,11.226,6.2700871
"701",2008-12-01,1.085,0.335,9.913,4.25407146666667
"702",2008-12-02,0,0.277,11.343,4.44971016666667
"703",2008-12-03,1.137,0.306,9.664,4.38403353333333
"704",2008-12-04,1.085,0.307,11.314,4.28442283333333
"705",2008-12-05,0.831,0.279,9.535,4.99981533333333
"706",2008-12-06,4.005,5.753,9.365,6.34343653333333
"707",2008-12-07,3.294,0.315,12.529,6.0298903
"708",2008-12-08,1.117,0.286,14.354,4.7998892
"709",2008-12-09,1.985,2.552,12.886,4.98463806666667
"710",2008-12-10,1.128,4.167,10.889,5.20917226666667
"711",2008-12-11,1.16,0.283,7.979,3.57911226666667
"712",2008-12-12,1.157,0.255,12.154,4.55057066666667
"713",2008-12-13,2.186,0.261,9.271,4.3701693
"714",2008-12-14,3.742,2.47,5.415,4.92286313333333
"715",2008-12-15,0.592,0.279,9.668,4.44347003333333
"716",2008-12-16,0.586,0.253,11.334,4.53070106666667
"717",2008-12-17,3.68,0.253,10.813,5.24391923333333
"718",2008-12-18,1.125,0.282,11.293,4.26284246666667
"719",2008-12-19,2.109,0.284,11.588,4.8709104
"720",2008-12-20,1.132,6.398,12.253,5.30345423333333
"721",2008-12-21,0.922,9.233,15.567,6.7716242
"722",2008-12-22,1.84,0.415,10.262,4.58382826666667
"723",2008-12-23,3.16,2.117,8.497,4.7490255
"724",2008-12-24,0,0.361,9.981,3.06665856666667
"725",2008-12-25,0,0.318,3.598,2.67232003333333
"726",2008-12-26,1.113,0.278,7.796,2.78472196666667
"727",2008-12-27,0.008,0.245,12.055,6.9488779
"728",2008-12-28,1.953,0.217,5.219,3.8664864
"729",2008-12-29,0,0.218,2.706,1.40436396666667
"730",2008-12-30,0,0.214,7.145,2.81634136666667
"731",2008-12-31,2.975,0.245,11.86,4.8207554
"732",2009-01-01,0.765,3.245,2.081,3.1194684
"733",2009-01-02,2.417,6.59,12.266,6.10213346666667
"734",2009-01-03,6.44,0.359,10.057,4.6966052
"735",2009-01-04,1.457,5.28,3.924,4.87339763333333
"736",2009-01-05,1.247,0.322,8.65,4.05290193333333
"737",2009-01-06,0,0.254,11.771,4.05336033333333
"738",2009-01-07,2.687,3.82,10.67,5.15931023333333
"739",2009-01-08,2.773,0.255,10.075,4.12816976666667
"740",2009-01-09,1.802,0.316,9.285,4.5068534
"741",2009-01-10,2.828,2.936,11.888,4.90899186666667
"742",2009-01-11,4.068,6.591,6.538,5.17252833333333
"743",2009-01-12,0.453,0.323,12.147,4.00141526666667
"744",2009-01-13,1.14,0.329,15.075,5.21469356666667
"745",2009-01-14,2.276,0.332,11.42,4.71465376666667
"746",2009-01-15,2.732,0.326,9.561,3.9284879
"747",2009-01-16,5.241,3.213,14.132,6.5686315
"748",2009-01-17,3.047,3.153,15.316,8.24416636666667
"749",2009-01-18,5.649,6.702,12.712,7.89319223333333
"750",2009-01-19,1.118,0.353,11.388,4.4767511
"751",2009-01-20,0,0.292,13.459,4.1970882
"752",2009-01-21,1.148,2.145,10.098,4.38449456666667
"753",2009-01-22,0,0.377,8.246,3.10059583333333
"754",2009-01-23,2.078,0.295,11.371,4.53265563333333
"755",2009-01-24,5.074,4.46,8.661,5.51210886666667
"756",2009-01-25,3.993,5.979,10.924,6.8342344
"757",2009-01-26,1.121,0.329,10.546,4.15416066666667
"758",2009-01-27,0.896,0.284,6.608,3.62500266666667
"759",2009-01-28,2.301,6.952,14.285,6.60998213333333
"760",2009-01-29,0,0.317,8.996,3.8527579
"761",2009-01-30,1.622,0.249,12.13,5.04557966666667
"762",2009-01-31,8.277,6.606,14.241,7.8930958
"763",2009-02-01,3.331,0.622,8.579,4.86265486666667
"764",2009-02-02,0.578,0.232,9.95,3.78862113333333
"765",2009-02-03,1.284,0.231,15.949,4.70678586666667
"766",2009-02-04,0.871,7.608,15.96,6.18712736666667
"767",2009-02-05,1.104,0.264,12.679,3.95738763333333
"768",2009-02-06,1.165,0.273,11.746,4.96604043333333
"769",2009-02-07,6.822,4.483,17.044,7.48011203333333
"770",2009-02-08,5.341,0.226,16.281,5.66909486666667
"771",2009-02-09,1.063,0.261,9.375,4.2209084
"772",2009-02-10,1.128,0.263,11.872,4.61282583333333
"773",2009-02-11,2.984,10.433,12.662,6.7440649
"774",2009-02-12,1.11,0.343,17.724,4.8719982
"775",2009-02-13,1.1,0.247,11.554,4.2099368
"776",2009-02-14,2.28,3.263,17.566,5.48077586666667
"777",2009-02-15,2.465,0.226,6.177,4.0565238
"778",2009-02-16,0,0.261,6.236,3.1714922
"779",2009-02-17,0,0.266,4.726,2.06612136666667
"780",2009-02-18,0,0.264,5.471,1.98219666666667
"781",2009-02-19,1.046,0.295,1.796,1.7488338
"782",2009-02-20,2.897,0.261,8.325,4.53482423333333
"783",2009-02-21,2.111,0.289,4.426,3.2292722
"784",2009-02-22,3.816,8.546,6.598,5.3364533
"785",2009-02-23,0.587,3.719,11.926,6.67671723333333
"786",2009-02-24,0.625,1.631,15.592,4.70117643333333
"787",2009-02-25,1.092,0.279,7.359,2.9220175
"788",2009-02-26,0,0.268,6.841,2.88565763333333
"789",2009-02-27,1.154,0.272,14.831,4.91829013333333
"790",2009-02-28,1.145,5.355,7.49,3.9436792
"791",2009-03-01,11.178,2.713,9.35,6.1438605
"792",2009-03-02,1.56,0.31,6.684,3.61499063333333
"793",2009-03-03,1.159,0.288,13.024,4.53812493333333
"794",2009-03-04,1.68,2.566,8.393,4.49892516666667
"795",2009-03-05,0.534,0.285,9.094,3.66206813333333
"796",2009-03-06,1.144,0.257,12.056,4.38315753333333
"797",2009-03-07,1.055,0.802,12.113,4.13783543333333
"798",2009-03-08,7.252,5.243,12.691,5.84019626666667
"799",2009-03-09,1.552,0.372,10.336,4.04029093333333
"800",2009-03-10,0.45,0.312,10.811,4.4023509
"801",2009-03-11,3.476,7.243,11.536,6.08552346666667
"802",2009-03-12,0,0.409,13.655,4.60128043333333
"803",2009-03-13,1.082,0.28,10.466,3.5752529
"804",2009-03-14,1.607,0.311,16.959,4.97995346666667
"805",2009-03-15,3.522,5.129,9.362,5.03630666666667
"806",2009-03-16,0.545,0.298,9.341,3.48240993333333
"807",2009-03-17,1.11,3.934,12.32,4.74491583333333
"808",2009-03-18,1.122,0.424,12.101,3.62482153333333
"809",2009-03-19,0.001,0.314,9.196,2.81562016666667
"810",2009-03-20,1.083,0.303,10.24,3.70487533333333
"811",2009-03-21,5.42,0.687,10.906,4.8896125
"812",2009-03-22,2.017,3.778,9.015,4.10693626666667
"813",2009-03-23,1.078,0.31,5.999,3.24792713333333
"814",2009-03-24,1.71,0.352,10.149,4.16670733333333
"815",2009-03-25,2.246,3.283,9.448,4.3621269
"816",2009-03-26,0.534,0.317,8.788,3.15359753333333
"817",2009-03-27,1.103,0.553,10.594,4.42099143333333
"818",2009-03-28,4.089,0.327,11.441,5.26912203333333
"819",2009-03-29,2.049,4.004,10.286,5.64752623333333
"820",2009-03-30,1.085,0.283,9.242,3.55922956666667
"821",2009-03-31,2.202,2.661,13.617,4.547608
"822",2009-04-01,2.807,2.413,6.771,3.9970696
"823",2009-04-02,0.618,0.324,14.038,4.02999426666667
"824",2009-04-03,0.51,0.327,7.864,3.2543804
"825",2009-04-04,2.699,4.172,14.792,5.20025413333333
"826",2009-04-05,3.832,0.359,8.654,3.73224946666667
"827",2009-04-06,0.799,0.329,9.804,3.4579789
"828",2009-04-07,0.559,0.356,9.139,3.4447816
"829",2009-04-08,2.158,2.827,8.157,3.90637986666667
"830",2009-04-09,3.199,0.348,13.479,4.66012973333333
"831",2009-04-10,1.724,2.804,13.232,4.55709646666667
"832",2009-04-11,3.71,4.244,16.61,5.8171751
"833",2009-04-12,7.756,1.128,14.642,5.69532263333333
"834",2009-04-13,0.989,4.835,5.587,3.82246496666667
"835",2009-04-14,0.931,3.537,9.384,3.9154628
"836",2009-04-15,1.371,0.514,6.016,3.15012163333333
"837",2009-04-16,2.854,0.402,9.328,3.56081586666667
"838",2009-04-17,0.551,2.846,8.162,4.9091272
"839",2009-04-18,1.028,4.998,10.703,4.20782156666667
"840",2009-04-19,1.631,0.376,8.135,2.8829265
"841",2009-04-20,0.57,2.632,10.424,3.8017125
"842",2009-04-21,1.925,0.376,7.381,4.50872193333333
"843",2009-04-22,1.024,1.203,13.21,3.7661747
"844",2009-04-23,0.537,0.406,5.565,2.6023112
"845",2009-04-24,0.531,0.372,9.676,3.15234376666667
"846",2009-04-25,1.199,3.91,12.181,4.40967123333333
"847",2009-04-26,3.861,3.008,11.605,4.8447963
"848",2009-04-27,0.995,0.377,7.023,3.31335233333333
"849",2009-04-28,2.068,0.371,10.954,4.0830301
"850",2009-04-29,1.043,0.851,9.89,3.83778973333333
"851",2009-04-30,1.027,2.005,13.405,4.32428803333333
"852",2009-05-01,0.551,1.051,13.526,4.2156419
"853",2009-05-02,1.946,0.383,8.853,3.18059216666667
"854",2009-05-03,3.004,2.536,7.574,4.11828603333333
"855",2009-05-04,0.723,0.46,11.387,4.0870127
"856",2009-05-05,1.021,5.537,10.679,4.22733603333333
"857",2009-05-06,1.015,1.797,8.899,3.4861457
"858",2009-05-07,0.538,0.373,7.358,2.45717026666667
"859",2009-05-08,2.226,0.85,15.04,4.52744223333333
"860",2009-05-09,2.09,0.389,7.893,3.27078496666667
"861",2009-05-10,3.78,6.633,8.356,4.71249996666667
"862",2009-05-11,0.543,0.489,10.118,3.54333373333333
"863",2009-05-12,1.012,0.919,11.841,3.97851496666667
"864",2009-05-13,0.882,2.334,7.848,3.41840606666667
"865",2009-05-14,0.537,2.898,10.982,3.9994776
"866",2009-05-15,1.382,1.671,12.72,3.9070918
"867",2009-05-16,1.705,4.82,12.263,4.47518173333333
"868",2009-05-17,2.555,1.927,7.17,4.10197293333333
"869",2009-05-18,0.763,0.373,8.969,3.073191
"870",2009-05-19,2.75,0.66,10.979,3.7006899
"871",2009-05-20,1.012,2.019,9.47,3.6553886
"872",2009-05-21,1.595,1.184,12.447,3.78476193333333
"873",2009-05-22,1.492,1.3,8.188,2.73154796666667
"874",2009-05-23,0.48,1.846,12.544,3.67517563333333
"875",2009-05-24,0.045,0.441,10.23,3.244896
"876",2009-05-25,0.92,0.966,9.797,3.3604786
"877",2009-05-26,0.658,0.457,9.836,2.85593923333333
"878",2009-05-27,1.032,2.764,11.175,4.05263993333333
"879",2009-05-28,2.055,0.42,9.02,3.14235083333333
"880",2009-05-29,0.485,0.433,10.499,2.96959073333333
"881",2009-05-30,2.86,1.706,10.755,3.8418225
"882",2009-05-31,1.39,0.458,5.854,2.44355236666667
"883",2009-06-01,2.874,0.46,11.965,3.760033
"884",2009-06-02,0.438,0.506,7.92,2.6690786
"885",2009-06-03,0.94,1.369,11.555,3.47194256666667
"886",2009-06-04,1.842,0.455,6.916,2.38899993333333
"887",2009-06-05,0.064,0.457,12.562,3.2779637
"888",2009-06-06,1.769,2.691,9.897,3.35873756666667
"889",2009-06-07,2.077,1.682,6.2,2.8888968
"890",2009-06-08,0.009,0.44,9.107,2.98885343333333
"891",2009-06-09,1.523,0.409,10.698,3.31940283333333
"892",2009-06-10,0.995,4.743,9.151,3.8322528
"893",2009-06-11,0.529,0.466,11.292,3.5076219
"894",2009-06-12,0.495,0.466,7.188,2.69035773333333
"895",2009-06-13,0.514,0.043,0.212,1.07610756666667
"896",2009-06-14,0,0,0,0.932832
"897",2009-06-15,0.916,0.307,5.196,2.190926
"898",2009-06-16,2.47,1.22,13.407,3.5416095
"899",2009-06-17,0.994,0.616,7.748,2.49816123333333
"900",2009-06-18,0.494,0.458,11.278,2.92466723333333
"901",2009-06-19,0.969,0.476,7.74,2.72241873333333
"902",2009-06-20,0,2.658,8.7,2.8580417
"903",2009-06-21,1.039,0.414,6.466,2.08642466666667
"904",2009-06-22,0,0.447,10.996,2.7104341
"905",2009-06-23,0.522,1.258,7.411,2.32759463333333
"906",2009-06-24,3.058,1.24,14.807,3.99149596666667
"907",2009-06-25,0.489,0.492,6.384,2.01377473333333
"908",2009-06-26,1.067,0.536,9.89,2.8910665
"909",2009-06-27,2.966,2.425,12.177,4.1391825
"910",2009-06-28,0.456,1.42,8.255,2.91024833333333
"911",2009-06-29,0.939,0.606,5.663,2.42453883333333
"912",2009-06-30,1.437,1.029,9.773,3.23615326666667
"913",2009-07-01,0.989,0.589,9.167,2.9280042
"914",2009-07-02,0.637,0.602,8.222,3.0453946
"915",2009-07-03,0.856,0.64,7.755,2.31729316666667
"916",2009-07-04,1.574,2.342,6.193,2.6492411
"917",2009-07-05,3.295,1.446,8.613,3.66836156666667
"918",2009-07-06,0.43,0.753,6.388,2.1420542
"919",2009-07-07,1.721,3.588,6.479,3.09943386666667
"920",2009-07-08,0,3.46,8.494,2.9640118
"921",2009-07-09,0,0.755,5.633,2.11161216666667
"922",2009-07-10,0.988,0.962,7.471,2.66590423333333
"923",2009-07-11,0.981,2.308,7.758,2.8429302
"924",2009-07-12,0,0.597,3.472,1.1519256
"925",2009-07-13,0,0.616,4.464,1.31203896666667
"926",2009-07-14,2.303,0.614,6.133,2.172961
"927",2009-07-15,0.878,0.789,5.896,1.80805403333333
"928",2009-07-16,0,1.848,3.862,1.44027796666667
"929",2009-07-17,0,0.647,6.657,1.78535796666667
"930",2009-07-18,0,0.629,5.412,2.0388179
"931",2009-07-19,0,0.626,5.041,3.04436516666667
"932",2009-07-20,0.914,0.742,4.95,1.59292313333333
"933",2009-07-21,0,1.014,7.778,2.010474
"934",2009-07-22,0,0.654,3.995,1.62867726666667
"935",2009-07-23,0.926,0.658,9.041,2.68798716666667
"936",2009-07-24,0,0.632,4.187,1.35760076666667
"937",2009-07-25,0,0.555,3.72,1.31582863333333
"938",2009-07-26,0,0.9,3.754,1.30389816666667
"939",2009-07-27,0,2.066,5.185,1.6588162
"940",2009-07-28,0,4.003,3.505,1.86026106666667
"941",2009-07-29,0.869,1.756,7.6,2.44513353333333
"942",2009-07-30,0,2.294,4.836,1.9439726
"943",2009-07-31,0.865,3.333,6.288,2.53893206666667
"944",2009-08-01,0,0.913,6.252,1.72942466666667
"945",2009-08-02,0,0.666,3.551,1.20242696666667
"946",2009-08-03,0,0.606,3.808,1.18583236666667
"947",2009-08-04,0,0.608,3.874,1.21529406666667
"948",2009-08-05,0,0.616,4.037,1.22959646666667
"949",2009-08-06,0,0.655,4.184,1.26832756666667
"950",2009-08-07,0,0.669,4.234,1.2872239
"951",2009-08-08,0,0.65,4.158,1.27066846666667
"952",2009-08-09,1.534,2.396,5.157,2.4194462
"953",2009-08-10,0.45,2.316,4.661,2.14107453333333
"954",2009-08-11,0.857,2.875,7.86,2.8076552
"955",2009-08-12,0.451,0.659,4.273,1.98818976666667
"956",2009-08-13,1.269,2.577,2.417,2.07247856666667
"957",2009-08-14,0.836,1.975,4.656,2.0834252
"958",2009-08-15,2.904,1.877,8.91,3.32544753333333
"959",2009-08-16,1.293,1.071,4.992,3.06120906666667
"960",2009-08-17,0.845,0.835,6.178,2.04832646666667
"961",2009-08-18,2.294,1.445,6.579,2.70189883333333
"962",2009-08-19,0.908,0.803,6.578,2.26562456666667
"963",2009-08-20,0,0.829,6.138,1.7694007
"964",2009-08-21,2.538,0.919,7.535,2.74645713333333
"965",2009-08-22,5.049,3.136,8.128,4.00878553333333
"966",2009-08-23,0.465,0.873,7.418,2.68754786666667
"967",2009-08-24,2.285,0.792,8.187,3.05978473333333
"968",2009-08-25,1.618,0.751,5.73,2.46559093333333
"969",2009-08-26,2.131,1.47,8.422,2.9325338
"970",2009-08-27,0,0.71,4.302,1.7832631
"971",2009-08-28,1.778,1.091,7.533,2.79155443333333
"972",2009-08-29,0.905,1.497,11.706,3.3603024
"973",2009-08-30,2.653,1.382,10.65,3.77077126666667
"974",2009-08-31,0.417,0.636,9.973,3.14898573333333
"975",2009-09-01,0.543,0.743,6.072,2.55714096666667
"976",2009-09-02,0.947,0.63,9.927,3.10003143333333
"977",2009-09-03,2.821,3.095,4.387,2.85275983333333
"978",2009-09-04,0.498,0.643,8.735,2.78942593333333
"979",2009-09-05,2.988,2.25,10.437,3.59920093333333
"980",2009-09-06,0.995,0.602,8.599,2.9579811
"981",2009-09-07,1.667,0.561,8.159,3.04003616666667
"982",2009-09-08,0.999,0.575,9.1,2.81252453333333
"983",2009-09-09,0.998,3.829,9.626,3.644868
"984",2009-09-10,0.915,0.631,7.55,2.8876451
"985",2009-09-11,0.511,0.605,11.687,3.17633523333333
"986",2009-09-12,6.713,1.205,11.915,4.3913513
"987",2009-09-13,6.574,0.634,8.718,4.0992966
"988",2009-09-14,2.446,0.579,11.039,4.3861317
"989",2009-09-15,2.608,0.563,8.891,3.51451226666667
"990",2009-09-16,1.035,3.467,11.239,4.302004
"991",2009-09-17,0,0.565,11.419,3.31181886666667
"992",2009-09-18,1.507,0.668,9.54,3.3036982
"993",2009-09-19,1.769,4.062,14.136,4.89452883333333
"994",2009-09-20,4.319,2.429,12.629,5.1511036
"995",2009-09-21,1.458,0.607,10.844,3.77442836666667
"996",2009-09-22,0.937,0.598,8.181,3.09117096666667
"997",2009-09-23,1.751,1.007,11.644,3.76737896666667
"998",2009-09-24,1.385,0.598,11.11,3.8119292
"999",2009-09-25,0,0.589,10.526,2.9878133
"1000",2009-09-26,1.943,0.575,14.632,3.93880013333333
"1001",2009-09-27,1.311,4.585,6.344,3.03655146666667
"1002",2009-09-28,0.506,0.614,11.729,3.48790963333333
"1003",2009-09-29,1.031,0.603,8.549,3.17851333333333
"1004",2009-09-30,0.478,7.873,8.479,3.93279903333333
"1005",2009-10-01,0.939,0.798,8.936,3.3228963
"1006",2009-10-02,0.503,0.586,11.367,3.34505493333333
"1007",2009-10-03,3.644,0.896,14.5,4.11842093333333
"1008",2009-10-04,3.189,3.499,7.837,3.77000436666667
"1009",2009-10-05,0,0.537,9.145,3.1870043
"1010",2009-10-06,0.985,0.542,8.813,3.7673937
"1011",2009-10-07,0.734,4.302,9.846,4.52503236666667
"1012",2009-10-08,1.61,0.65,10.691,3.7864432
"1013",2009-10-09,0.481,0.585,11.649,3.52409133333333
"1014",2009-10-10,4.053,0.548,13.45,4.5564253
"1015",2009-10-11,4.568,6.45,9.356,4.91610896666667
"1016",2009-10-12,0.997,0.544,10.08,3.52709786666667
"1017",2009-10-13,0.983,0.509,9.488,3.69056776666667
"1018",2009-10-14,0.994,3.148,10.056,4.1452658
"1019",2009-10-15,2.477,0.45,9.638,3.7977432
"1020",2009-10-16,0.159,0.491,11.138,3.8938511
"1021",2009-10-17,5.49,4.335,16.195,6.23419366666667
"1022",2009-10-18,0.712,0.539,12.399,4.13002186666667
"1023",2009-10-19,1.104,0.437,8.574,3.5650508
"1024",2009-10-20,0.76,0.454,11.42,4.4838681
"1025",2009-10-21,1.473,5.904,8.059,4.6697564
"1026",2009-10-22,0.558,0.496,11.707,3.67973106666667
"1027",2009-10-23,3.18,0.494,11.694,4.33027943333333
"1028",2009-10-24,6.202,0.548,13.816,5.79968336666667
"1029",2009-10-25,3.01,6.189,15.841,6.6564122
"1030",2009-10-26,0,0.48,5.788,2.64635693333333
"1031",2009-10-27,1.054,0.449,8.418,2.9103103
"1032",2009-10-28,0.968,0.452,9.318,3.01802816666667
"1033",2009-10-29,0.551,4.098,5.627,4.7206294
"1034",2009-10-30,2.069,2.043,8.878,3.746306
"1035",2009-10-31,1.773,2.514,14.588,4.58163756666667
"1036",2009-11-01,1.97,0.47,11.173,4.28976746666667
"1037",2009-11-02,1.881,0.471,8.161,3.91843033333333
"1038",2009-11-03,2.009,3.901,8.468,5.58696743333333
"1039",2009-11-04,1.075,4.022,13.171,4.565926
"1040",2009-11-05,1.105,0.548,9.919,3.9481888
"1041",2009-11-06,0,0.418,11.328,3.41991703333333
"1042",2009-11-07,2.187,0.452,9.965,3.72696566666667
"1043",2009-11-08,4.941,2.019,13.82,6.1210423
"1044",2009-11-09,1.125,0.486,8.72,3.73922753333333
"1045",2009-11-10,1.118,0.39,11.788,3.99059383333333
"1046",2009-11-11,2.338,5.147,10.55,4.86602976666667
"1047",2009-11-12,1.486,0.395,10.067,3.83716356666667
"1048",2009-11-13,1.856,0.441,9.178,3.80129673333333
"1049",2009-11-14,4.169,2.401,17.809,6.0419038
"1050",2009-11-15,0.991,5.218,10.453,5.21508756666667
"1051",2009-11-16,2.021,0.615,8.973,3.7817131
"1052",2009-11-17,0,0.453,12.049,4.30962973333333
"1053",2009-11-18,5.502,7.646,13.672,6.43483156666667
"1054",2009-11-19,0.51,0.458,11.027,3.71415523333333
"1055",2009-11-20,0.843,0.405,12.84,4.91985563333333
"1056",2009-11-21,5.694,1.982,12.551,6.1220694
"1057",2009-11-22,6.774,0.425,15.055,6.2309989
"1058",2009-11-23,0,0.401,8.644,3.71577376666667
"1059",2009-11-24,2.491,4.581,9.214,5.45632633333333
"1060",2009-11-25,0.745,5.102,10.513,4.89934133333333
"1061",2009-11-26,2.262,0.422,10.603,3.99760256666667
"1062",2009-11-27,0,0.386,11.65,3.53156486666667
"1063",2009-11-28,3.199,0.371,13.428,4.4341134
"1064",2009-11-29,1.073,3.069,8.742,4.26118106666667
"1065",2009-11-30,1.08,0.378,12.001,4.28783936666667
"1066",2009-12-01,0,0.354,10.816,4.3852266
"1067",2009-12-02,1.143,7.004,12.902,5.70898883333333
"1068",2009-12-03,1.039,0.45,9.741,3.76040083333333
"1069",2009-12-04,1.158,0.352,9.299,4.27137213333333
"1070",2009-12-05,3.184,0.351,12.258,5.55667493333333
"1071",2009-12-06,3.488,4.139,13.486,6.2638479
"1072",2009-12-07,1.132,0.394,10.291,4.3983672
"1073",2009-12-08,1.108,0.35,15.375,5.05629556666667
"1074",2009-12-09,2.054,3.319,7.746,4.42030086666667
"1075",2009-12-10,2.823,0.385,14.864,5.0217498
"1076",2009-12-11,1.546,0.357,11.415,4.41458833333333
"1077",2009-12-12,1.087,4.126,8.657,4.6347807
"1078",2009-12-13,3.984,0.439,13.314,5.26363356666667
"1079",2009-12-14,0.857,2.212,10.699,4.47983313333333
"1080",2009-12-15,1.344,0.419,14.127,4.80825483333333
"1081",2009-12-16,1.143,2.935,8.104,3.38961746666667
"1082",2009-12-17,0,0.337,14.286,4.234857
"1083",2009-12-18,1.195,0.324,11.575,4.29738206666667
"1084",2009-12-19,1.165,2.628,13.723,5.25640003333333
"1085",2009-12-20,1.237,0.347,7.795,2.80579673333333
"1086",2009-12-21,3.293,0.24,10.619,4.81896193333333
"1087",2009-12-22,0,0.286,15.559,4.77962653333333
"1088",2009-12-23,1.143,0.285,12.329,3.70689116666667
"1089",2009-12-24,4.455,5.605,14.11,6.62210413333333
"1090",2009-12-25,4.1,3.905,14.22,5.5739199
"1091",2009-12-26,1.186,4.294,16.021,5.37808703333333
"1092",2009-12-27,4.218,0.318,13.592,5.47387833333333
"1093",2009-12-28,2.175,2.015,14.677,5.26546286666667
"1094",2009-12-29,1.26,0.36,10.072,4.894983
"1095",2009-12-30,5.284,4.543,12.875,6.1834414
"1096",2009-12-31,0,0.417,18.349,5.29588436666667
"1097",2010-01-01,0,0,1.099,0.267099
